Metadata,,,,,,,,,,,,,,,,,,
These are the data from the Drosophila selection experiment published in:,,,,,,,,,,,,,,,,,,
Scheiner SM Caplan RL and Lyman RF. 1989. A search for trade-offs among life history traits in Drosophila melanogaster. Evolutionary Ecology 3:51-63.,,,,,,,,,,,,,,,,,,
See Materials and Methods section for details.,,,,,,,,,,,,,,,,,,
,,,,,,,,,,,,,,,,,,
Funding: NIH R01-GM38201,,,,,,,,,,,,,,,,,,
,,,,,,,,,,,,,,,,,,
Data columns (each line consists of one F1 female),,,,,,,,,,,,,,,,,,
Col 1 = Sire,,,,,,,,,,,,,,,,,,
Col 2 = Dam,,,,,,,,,,,,,,,,,,
Col 3 = Rearing temperature (19C or 25C),,,,,,,,,,,,,,,,,,
Col 4 = Thorax length (mm),,,,,,,,,,,,,,,,,,
Col 5 = Age at death (days),,,,,,,,,,,,,,,,,,
Col 6 = Age at peak fecundity (days),,,,,,,,,,,,,,,,,,
Col 7 = Peak fecundity (number of eggs),,,,,,,,,,,,,,,,,,
Col 8 = Fecundity during last third of adult life span (number of eggs laid),,,,,,,,,,,,,,,,,,
Col 9 = Total number of eggs laid,,,,,,,,,,,,,,,,,,
Col 10 = Number of eggs laid on days 5-7,,,,,,,,,,,,,,,,,,
Col 11 = Number of eggs laid on days 8-10,,,,,,,,,,,,,,,,,,
Col 12 = Number of eggs laid on days 11-13,,,,,,,,,,,,,,,,,,
Col 13 = Number of eggs laid on days 14-16,,,,,,,,,,,,,,,,,,
Col 14 = Number of eggs laid on days 17-19,,,,,,,,,,,,,,,,,,
Col 15 = Number of eggs laid on days 20-22,,,,,,,,,,,,,,,,,,
Col 16 = Number of eggs laid on days 23-25,,,,,,,,,,,,,,,,,,
Col 17 = Number of eggs laid on days 26-28,,,,,,,,,,,,,,,,,,
Col 18 = Number of eggs laid on days 29-31,,,,,,,,,,,,,,,,,,
Col 19 = Number of eggs laid on days 32-34,,,,,,,,,,,,,,,,,,
,,,,,,,,,,,,,,,,,,
Data,,,,,,,,,,,,,,,,,,
_____________________________________________________________________________________________________________________________,,,,,,,,,,,,,,,,,,
1,2,19,1.118,79,11,19.33333,30,457,0,13,42,51,40,51,29,26,41,25
1,2,19,1.101,82,21,15.66667,4,322,12,14,40,20,43,31,47,17,40,19
1,2,19,1.115,60,17,18.66667,15,296,8,6,32,36,40,52,17,32,15,18
1,2,19,1.124,58,14,32,40,533,0,10,60,74,71,77,36,39,78,23
1,2,25,1.106,30,10,59.33333,85,704,17,63,160,172,78,129,48,31,4,2
1,2,25,1.131,29,25,28.33333,156,380,25,36,76,43,13,36,53,45,53,0
1,2,25,1.08,32,11,74.33334,90,869,33,87,210,197,116,116,39,31,29,9
1,2,25,1.055,32,8,39.33333,138,692,28,78,100,102,109,104,60,50,44,15
1,3,19,1.105,52,16,25.33333,118,560,5,3,43,66,70,51,54,38,42,29
1,3,19,1.116,52,20,20,119,430,3,3,6,25,32,36,57,44,43,36
1,3,25,1.08,32,4,32.33333,138,530,73,67,67,82,43,45,47,57,35,14
1,3,25,1.107,48,10,53,1,575,127,46,138,133,55,37,24,6,2,6
1,3,25,1.119,27,12,55.33333,179,702,23,69,132,166,117,80,81,30,4,0
1,3,25,1.088,64,8,46,0,512,14,78,125,136,75,38,39,7,0,0
3,1,19,1.168,40,39,21,135,353,21,7,31,48,37,25,26,23,17,16
3,1,19,1.146,50,21,20,95,383,23,9,10,28,32,24,60,44,16,42
3,1,19,1.103,59,21,29.66667,48,504,5,5,7,37,76,74,89,58,45,33
3,1,19,1.082,99,22,15.33333,15,204,0,0,0,3,12,25,30,27,15,23
3,1,25,1.068,45,7,33.66667,2,388,25,57,92,75,72,20,12,14,18,2
3,1,25,1.089,34,10,21.33333,67,289,5,44,62,21,36,45,12,15,19,13
3,2,19,1.163,66,15,35.66667,28,650,2,11,60,90,107,87,93,59,33,24
3,2,19,1.118,76,17,27.33333,8,363,6,19,46,40,72,69,41,25,7,6
3,2,25,1.083,29,7,15,9,121,16,35,23,31,3,5,5,3,0,0
3,2,25,1.089,54,7,67.33334,0,722,48,191,183,146,80,63,7,2,1,0
3,2,25,1.096,56,4,22,3,325,35,65,59,43,37,28,17,12,11,9
3,3,19,1.102,70,14,26.66667,5,401,3,17,28,68,72,56,52,40,27,10
3,3,19,1.136,57,19,22,13,415,16,7,13,41,47,59,62,34,60,31
3,3,19,1.131,42,17,34.33333,121,562,8,6,8,58,97,100,77,55,48,27
3,3,19,1.134,59,15,41,45,638,6,1,19,75,123,92,91,71,44,29
3,3,25,1.059,34,8,30.66667,24,367,70,42,91,47,35,36,36,4,3,2
3,3,25,1.099,51,8,49,1,491,44,71,140,102,65,24,16,17,7,4
3,3,25,1.093,46,11,56.33333,2,733,15,140,141,142,131,95,39,11,15,2
4,2,19,1.171,45,12,30.33333,77,435,2,12,23,91,77,37,32,41,36,32
4,2,19,1.094,68,17,12.33333,41,208,0,21,10,7,32,22,9,8,4,6
4,2,19,1.093,52,14,21,37,315,0,1,44,52,55,50,18,23,14,16
4,2,19,1.153,70,16,15.33333,22,339,0,0,20,40,34,29,37,32,29,25
4,2,25,1.144,30,9,33.33333,14,307,11,44,100,74,48,16,9,2,3,0
4,2,25,1.078,61,11,63,11,614,5,28,95,182,103,39,77,33,3,20
4,3,19,1.106,70,12,29.33333,8,395,9,4,42,88,62,43,44,33,17,17
4,3,19,1.087,53,16,30.33333,46,564,5,14,24,88,77,85,52,62,65,31
4,3,25,1.149,50,8,50,6,488,46,79,139,92,54,26,11,7,21,4
4,3,25,1.105,49,10,40.33333,1,458,49,85,108,96,62,35,13,7,1,1
4,3,25,1.119,55,6,48.33333,12,351,24,145,95,47,22,1,0,0,1,2
4,3,25,1.121,31,7,40,13,390,38,119,99,70,27,24,8,3,0,2
5,1,19,1.118,71,21,20.66667,9,339,4,2,4,29,38,54,62,24,24,23
5,1,19,1.169,74,16,26,9,367,8,8,11,60,72,53,37,37,24,10
5,1,25,1.119,48,10,49.33333,33,730,13,30,111,138,129,100,61,38,45,32
5,1,25,1.091,46,10,58,58,933,18,97,171,168,126,111,65,42,65,43
5,1,25,1.095,66,13,46,0,583,46,47,108,129,101,81,54,12,2,3
5,1,25,1.07,66,10,55.66667,0,649,2,115,162,145,90,14,28,19,18,6
5,1,25,1.097,44,11,50.33333,6,591,59,43,132,140,84,85,32,5,5,5
5,2,19,1.14,46,13,35.66667,56,572,4,11,35,97,88,95,72,77,30,26
5,2,19,1.144,66,17,16,5,332,0,4,14,15,40,45,46,31,36,28
5,2,19,1.105,49,17,11.33333,26,192,3,15,26,29,23,26,7,17,13,7
5,2,19,1.122,99,18,23.33333,7,519,1,14,32,48,50,70,62,44,52,37
5,2,25,1.173,39,9,41.66667,48,515,48,48,125,109,36,41,30,30,19,23
5,2,25,1.147,50,7,23,1,175,35,60,33,19,12,3,7,2,2,1
5,2,25,1.118,53,11,41.66667,33,591,8,36,84,110,110,88,37,16,30,26
5,3,19,1.129,81,24,32.33333,0,566,15,6,13,55,83,77,65,97,56,46
5,3,19,1.098,53,13,35.33333,39,574,0,18,85,93,78,59,58,41,36,24
5,3,19,1.135,44,14,31.33333,71,509,2,17,6,58,93,89,89,46,38,26
5,3,25,1.054,32,9,44.33333,19,565,14,92,133,103,115,86,6,11,1,0
5,3,25,1.037,60,10,41.33333,0,352,17,53,117,89,51,13,5,6,1,0
5,3,25,1.123,44,6,73.33334,0,800,28,220,152,137,143,81,35,2,2,0
5,3,25,1.073,51,9,27,0,329,0,59,81,72,39,31,24,9,7,4
6,1,19,1.105,87,13,19.66667,0,347,8,7,12,47,48,54,42,30,18,22
6,1,19,1.075,45,38,0.66667,3,4,0,0,0,0,0,0,0,1,0,1
6,1,19,1.119,82,30,21.33333,1,427,6,5,24,40,51,48,52,48,27,64
6,1,19,1.105,73,15,23,1,395,7,4,1,13,69,64,58,42,29,48
6,1,25,1.105,25,10,0.66667,1,4,0,1,1,1,0,0,1,0,0,0
6,1,25,1.063,57,10,38.66667,2,646,23,48,112,95,65,56,95,84,24,15
6,1,25,1.085,68,9,51.33333,0,902,49,55,154,120,83,73,80,109,80,16
6,1,25,1.098,47,10,60,22,781,12,40,180,137,140,97,57,32,35,32
6,1,25,1.098,57,10,75,0,881,20,49,188,210,154,108,77,47,17,8
6,1,25,1.113,38,11,51.66667,6,545,16,42,149,142,96,64,16,16,4,0
6,3,19,1.106,39,16,33.33333,67,374,10,11,10,59,69,77,48,23,24,13
6,3,19,1.105,69,13,40,1,643,5,14,43,100,94,111,92,77,45,41
6,3,19,1.103,37,23,8,13,87,0,11,4,0,21,10,15,20,0,2
6,3,19,1.147,52,17,33.33333,81,617,9,7,21,78,93,96,86,67,46,26
6,3,25,1.01,62,9,34.33333,0,477,0,18,103,78,42,54,43,36,79,19
6,3,25,1.086,29,7,65,46,717,9,154,175,128,145,92,8,3,3,0
6,3,25,1.044,42,18,50.33333,33,742,18,40,96,89,135,151,100,63,19,16
8,1,19,1.089,38,20,24,150,484,15,3,43,63,64,56,60,58,47,40
8,1,19,1.135,71,20,16.33333,36,298,4,14,5,22,49,31,44,36,12,13
8,1,19,1.134,60,16,28.33333,6,460,0,17,21,56,72,67,51,33,21,66
8,1,19,1.076,52,20,27.33333,33,363,3,7,8,32,57,70,57,43,17,21
8,1,25,1.12,39,8,47.33333,0,381,11,71,140,90,51,17,1,0,0,0
8,1,25,1.094,32,12,38.33333,57,438,6,25,84,115,88,47,34,23,16,0
8,1,25,1.094,41,11,50.66667,1,561,16,76,131,141,106,63,25,2,1,0
8,1,25,1.069,33,10,51.33333,8,493,19,36,144,120,104,58,7,4,1,0
8,3,19,1.066,62,17,30,32,494,6,14,10,38,59,82,71,76,37,19
8,3,19,1.132,68,15,18,9,323,4,8,19,30,54,35,38,12,22,20
8,3,19,1.107,43,21,30,84,480,13,10,11,25,73,63,90,67,57,33
8,3,19,1.106,45,16,34,46,509,2,11,11,73,96,92,67,61,45,14
8,3,25,1.081,42,9,35.66667,61,481,4,18,107,65,64,61,40,42,42,20
8,3,25,1.092,33,11,63.33333,87,734,11,41,189,167,126,45,76,67,11,1
8,3,25,1.085,56,12,53.33333,1,496,10,7,94,160,64,83,21,33,7,2
9,1,19,1.12,64,15,20.66667,39,392,0,2,49,32,62,49,37,48,12,33
9,1,19,1.136,57,16,19.33333,14,280,0,6,5,27,42,42,51,37,34,11
9,1,19,1.024,55,17,26,17,375,2,17,63,60,62,58,39,15,13,22
9,1,19,1.09,78,12,29.33333,4,528,1,5,56,88,78,45,49,35,34,33
9,1,25,1.071,42,8,49,11,621,10,93,136,129,82,69,57,25,12,7
9,1,25,1.048,51,7,45.33333,2,372,18,104,132,82,27,5,1,0,1,0
9,2,19,1.1,48,15,35.33333,34,457,0,16,38,61,106,81,71,16,19,15
9,2,19,1.128,44,14,29,15,388,1,26,47,52,77,80,56,20,14,6
9,2,19,1.086,39,17,17,56,250,4,11,22,38,24,50,21,24,19,14
9,2,19,1.074,12,7,4.33333,4      6,20,2,12,6,0,0,0,0,0,0,0
9,2,25,1.07,49,11,38,0,273,2,40,95,84,35,9,6,2,0,0
9,2,25,1.024,29,7,25.66667,16,234,8,65,75,29,30,18,4,4,1,0
9,2,25,1.066,59,13,30.66667,0,381,11,31,84,71,81,59,43,0,0,0
9,3,19,1.108,69,13,35.33333,2,322,2,6,45,91,88,36,12,5,8,5
9,3,19,1.007,25,15,19,115,209,6,8,12,30,57,43,34,19,0,0
9,3,19,1.071,65,23,24.33333,39,387,0,4,2,9,16,35,41,69,47,59
9,3,19,1.071,72,17,15.66667,2,299,0,0,8,31,34,36,29,41,32,23
9,3,25,1.043,50,9,58,0,534,3,54,174,74,82,54,64,21,6,2
9,3,25,0.986,48,13,53.66667,4,625,6,43,151,140,141,80,10,7,34,9
9,3,25,0.972,33,9,26.66667,77,379,13,47,80,71,37,29,33,29,33,7                                                                 10   1    19            1.139         43            19       23.33333      40            337        14         8            22        26            50            60       49            65      5            11
10,1,19,1.101,45,19,25,110,477,2,6,9,41,60,69,65,47,54,27
10,1,19,1.08,46,11,22,42,295,1,21,48,59,46,38,16,4,19,28                                                                10   1    19            1.103         55            16       28.66667      61            624         8        12            35        74            81            69       60            53     45            56
10,1,25,1.098,39,10,69.33334,91,1007,28,49,206,171,87,149,96,130,27,28                                                                10   1    25            0.982         52            10       75.66666       0            699        24        79           202       143           117            59       57             9      6             3                                                                 10   1    25            1.048         35            12       40.33333      46            449         6        13            56       121            81            87       39            30     10             6
10,1,25,1.107,38,9,55.33333,20,610,8,79,166,114,69,69,62,32,7,3                                                                 10   2    19            1.07          39            13       30.33333     115            520        17         9            32        73            74            72       53            75     42            32
10,2,19,1.066,55,15,19.66667,31,322,0,4,23,36,59,29,26,21,58,14                                                                10   2    19            1.068         37            18       24            93            338         0         3             2        29            52            72       65            49     19            26                                                                10   2    19            1.069         41            21       23.33333      49            326         4         7            11        41            46            51       70            40     24            11                                                                10   2    25            1.108         73            10       46.33333       0            373        13        28           133       118            50            20        8             2      0             0
10,2,25,1.076,44,8,40.66667,35,451,0,47,112,59,63,49,28,37,21,13
10,2,25,1.078,51,9,63,0,586,11,65,189,149,122,44,5,0,0,1                                                                 11   1    19            1.127         58            13       28.33333      12            429         2         8            36        64            65            62       65            33     36            14
11,1,19,1.146,70,14,30.33333,22,631,0,16,10,57,87,61,80,69,49,26
11,1,19,1.146,28,22,28.33333,221,364,1,17,16,35,63,60,67,73,32,0
11,1,19,1.135,61,14,26,7,355,11,7,9,47,63,66,50,34,31,16                                                                11   1    25            1.127         48             9       52            53            676        34        61           156       102            84            58       62            32     14            20
11,1,25,1.083,9,7,28.66667,87,135,40,44,51,0,0,0,0,0,0,0
11,2,19,1.092,47,13,43.66667,75,768,7,10,39,113,121,107,98,96,76,33
11,2,19,1.043,69,15,24.66667,5,326,2,28,55,42,74,55,9,8,9,11
11,2,19,1.057,63,17,31.33333,8,407,4,9,9,49,90,81,72,26,25,11
11,2,19,1.124,72,18,25.66667,11,435,7,9,7,43,69,77,65,45,33,16
11,2,25,1.073,36,9,55.66667,0,476,56,50,167,93,69,41,0,0,0,0
11,2,25,1.1,38,6,42.66667,30,548,40,128,76,106,94,49,19,11,12,13
11,2,25,1.096,37,5,8,1,55,5,19,2,13,3,6,4,2,1,0
11,2,25,1.122,55,8,59.66667,0,827,27,81,170,129,113,107,62,43,43,44
11,3,19,1.137,31,13,38.33333,277,623,4,11,53,114,96,68,87,92,73,25
11,3,19,1.195,59,20,22.33333,11,360,5,18,6,21,59,59,59,60,38,12
11,3,19,1.106,59,31,23,80,429,3,6,5,21,47,52,38,43,14,61                                                                11   3    19            1.126         80            31       26.66667       5            453        13        11             6        22            29            69       47            46     12            65
11,3,25,1.079,28,6,68,67,820,46,204,194,157,129,66,19,5,0,0
11,3,25,1.135,65,7,51.33333,2,387,23,134,121,75,11,4,0,1,3,3
12,1,19,1.129,65,16,19,23,446,11,7,38,43,47,56,44,32,28,21
12,1,19,1.154,66,21,27.66667,47,643,1,13,7,29,35,33,83,81,59,55
12,1,19,1.115,84,19,22.66667,0,317,17,18,31,48,45,64,41,21,12,5
12,1,19,1.119,76,27,22.66667,3,519,14,24,35,43,49,50,46,40,68,41
12,1,25,1.116,28,10,66.66666,102,626,18,26,149,166,144,88,27,8,0,0
12,1,25,1.102,49,10,62.33333,0,679,102,121,161,158,95,42,0,0,0,0                                                                 12   1    25            1.087         15            10       48           152            401        50       102           135       109             5             0        0             0      0             0
12,1,25,1.108,31,11,20,38,262,0,20,59,55,52,38,1,8,21,8                                                                 12   1    25            1.115         40             9       47.33333      42            560        19        57           142        81            43            55       63            58     14             8
12,2,19,1.071,16,11,20.33333,78,105,2,11,30,52,10,0,0,0,0,0
12,2,19,1.114,55,15,21,6,286,15,19,42,29,63,52,37,11,5,4
12,2,19,1.136,67,19,29.33333,9,382,2,12,7,49,71,78,76,26,11,7
12,2,19,1.07,44,14,17.66667,15,192,15,14,8,38,50,24,10,8,10,3
12,2,25,1.097,47,8,56,1,555,20,84,162,76,52,66,39,29,22,5
12,2,25,1.059,22,10,44.33333,76,369,9,70,125,89,57,14,5,0,0,0
12,2,25,1.067,53,9,58,32,759,17,103,174,94,64,86,21,11,35,64
12,2,25,1.085,57,9,47,3,701,21,74,141,124,96,94,70,30,23,11
13,1,19,1.114,72,12,40,20,628,6,8,54,120,108,81,56,64,25,36
13,1,19,1.092,82,24,30.33333,14,575,18,12,7,19,56,72,75,91,57,48
13,1,19,1.083,66,10,24.33333,5,415,8,5,60,53,53,57,23,25,53,14                                                                13   1    25            1.023         38            11       51.66667       3            645        36       100           131       151           144            64       16             1      1             0                                                                 13   1    25            1.094         34             7       46.33333      48            454        60       125            95        43            52            27        7            24     15             2
13,1,25,1.105,35,10,53,3,598,28,131,159,129,104,31,13,1,0,2                                                                 13   1    25            1.109         42            10       51.33333      26            820        26       115           152       132            58            90      110            76     38             6
13,2,19,1.124,55,13,18.33333,76,403,18,51,16,41,34,25,38,30,22,27
13,2,19,1.099,74,15,30.33333,13,474,0,16,9,56,91,85,73,30,27,14
13,2,19,1.122,79,16,22.33333,15,295,11,8,2,11,52,37,26,33,25,12
13,2,25,1.127,53,8,43,2,430,48,69,118,46,40,32,22,12,14,22
13,2,25,1.083,51,8,44.66667,34,518,20,81,85,52,68,40,46,35,30,16
13,2,25,1.086,31,9,49.33333,120,601,22,53,148,105,98,55,79,27,11,3
13,2,25,1.12,43,14,25.66667,28,439,27,55,62,50,63,48,51,35,23,7                                                                 13   3    19            1.092         44            13       39.66667      50            471        11         3             6        99           118            63       54            31     36            26
13,3,19,1.11,39,15,21.33333,83,376,13,8,19,35,64,43,55,56,34,20
13,3,19,1.099,75,17,33.33333,4,575,7,7,28,63,89,83,70,80,46,44
13,3,19,1.127,67,19,23.66667,8,447,14,8,22,61,61,68,69,46,30,28
13,3,25,0.944,50,11,51,1,782,47,121,143,149,121,110,48,8,12,8
13,3,25,1.062,38,8,35.33333,20,372,10,50,75,78,59,51,25,6,15,0                                                                 13   3    25            1.102         44             8       67             1            710        20       125           182       166            95            96       22             2      1             0
13,3,25,1.079,60,7,34.33333,0,337,20,86,79,49,23,25,29,19,6,1                                                                 14   1    19            1.103         31            25       22.66667     126            310        16         4            22        36            59            47       29            57     32             8
14,1,19,1.107,66,14,9.66667,19,228,7,8,14,13,25,20,20,22,16,16
14,1,19,1.102,52,17,16,9,219,2,11,23,33,44,25,31,15,16,6
14,1,19,1.075,72,16,20.66667,1,384,5,10,30,48,55,51,53,36,38,18
14,1,25,1.027,55,10,62.33333,1,509,12,32,148,129,119,36,27,4,0,1
14,1,25,1.021,51,10,60.33333,0,522,10,48,170,148,69,24,36,15,1,1
14,1,25,1.108,44,10,47.66667,0,575,27,59,123,120,109,53,52,30,2,0
14,1,25,1.062,41,10,59.33333,2,608,13,28,144,145,99,105,51,21,1,0
14,3,19,1.102,67,15,35,4,507,8,14,14,86,105,70,64,69,33,12
14,3,19,1.147,30,19,26.66667,141,340,7,6,16,44,51,75,65,56,14,6
14,3,25,0.964,20,10,19,68,184,0,31,54,42,32,25,0,0,0,0
14,3,25,0.97,25,9,25,37,192,0,35,75,39,25,17,1,0,0,0                                                                 14   3    25            1.068         55             8       74             0            754        41       178           201       163           117            48        6             0      0             0
14,3,25,1.095,50,8,58.33333,4,750,37,123,173,126,107,53,66,30,30,1
15,2,19,1.151,70,13,23.33333,5,421,16,6,31,52,65,60,43,58,26,22                                                                15   2    19            1.136         72            14       21             5            334         5         4            54        51            58            48       24            16     15            14                                                                15   2    19            1.106         91            16       27.66667       1            625        12        13            49        47            73            67       60            59     48            56                                                                15   2    25            1.119         79            10       59             3            505        40        41           155        95            50            16       25            24     17             8
15,2,25,1.099,31,9,59.33333,5,589,20,77,178,144,95,70,1,3,1,0
15,2,25,1.146,60,11,31.33333,0,406,9,18,81,78,62,48,45,31,14,10
15,3,19,1.162,28,13,36.33333,189,469,8,14,32,100,92,101,64,49,9,0
15,3,19,1.149,58,15,32.33333,47,497,0,6,23,63,97,58,59,41,30,29
15,3,19,1.142,76,17,31,8,467,14,12,27,36,74,60,19,49,21,44
15,3,19,1.127,72,31,18.66667,33,335,6,12,6,9,10,36,23,29,12,56
15,3,25,1.02,51,9,27,2,273,4,21,81,21,58,43,20,13,8,1
15,3,25,1.113,39,9,46.66667,8,463,3,34,140,98,69,31,43,37,8,0
15,3,25,1.099,32,13,30.33333,27,411,26,57,91,89,37,57,33,12,8,1
17,1,19,1.113,49,21,21.33333,32,359,5,12,49,41,52,37,64,30,20,17
17,1,19,1.108,83,15,22.33333,4,427,13,6,5,23,67,47,46,56,29,46
17,1,19,1.149,55,14,34.66667,6,373,9,12,12,79,94,77,54,17,8,1
17,1,19,1.102,32,18,31,110,326,18,13,9,25,49,93,28,38,25,12
17,1,25,1.101,36,35,0,0,0,0,0,0,0,0,0,0,0,0,0
17,1,25,1.069,41,11,55.66667,60,820,20,99,118,135,102,119,68,69,53,15
17,1,25,1.111,29,12,25,160,447,2,41,74,75,47,60,61,39,48,0
17,2,19,1.146,51,17,35,30,448,6,11,14,33,100,84,68,33,45,21
17,2,19,1.121,53,15,17.33333,15,311,12,18,29,32,52,30,43,26,17,18
17,2,25,1.142,70,9,52,0,470,30,27,156,115,70,46,9,7,3,4
17,2,25,1.177,43,9,83.33334,50,577,20,73,250,106,28,31,15,4,2,8
18,2,19,1.121,25,15,21,62,194,0,7,31,56,63,23,12,2,0,0
18,2,19,1.144,75,13,17.33333,8,194,0,1,20,37,35,15,27,17,6,2
18,2,25,1.111,59,9,50.66667,5,318,11,30,152,68,15,3,3,11,4,10
18,2,25,1.113,45,8,63.33333,4,569,20,111,184,108,83,25,17,9,5,7
18,2,25,1.153,52,7,46,24,654,18,111,128,106,78,63,57,33,13,19
18,2,25,1.14,30,10,43.33333,72,496,28,17,127,104,83,65,58,12,2,0
18,3,19,1.156,46,26,27,127,506,16,10,6,37,61,62,61,80,42,26
18,3,19,1.121,63,17,28.33333,18,484,26,6,35,29,85,70,40,41,56,18
18,3,19,1.125,49,31,13.33333,33,234,22,7,8,22,35,33,22,13,2,37
18,3,19,1.14,58,21,11.66667,21,207,13,9,2,12,27,33,35,11,6,18
18,3,25,1.13,45,11,27,10,462,49,43,80,67,53,61,37,29,32,8
18,3,25,1.119,49,7,55,1,493,56,129,118,53,32,22,41,20,18,3
18,3,25,1.072,64,8,44.66667,3,634,29,80,116,131,79,55,17,25,12,26
21,1,19,1.068,63,22,18.66667,17,281,4,7,8,19,27,24,32,42,44,19
21,1,19,1.117,45,17,26,161,493,9,9,19,37,74,52,46,37,36,19
21,1,25,1.083,26,15,68.33334,224,1000,128,110,176,157,205,113,108,3,0,0
21,1,25,1.05,24,8,65.33334,63,683,86,139,189,127,101,29,12,0,0,0
21,3,19,1.102,72,11,19.33333,30,270,0,11,35,45,33,14,13,22,9,16
21,3,19,1.094,50,21,20,70,417,0,9,20,42,55,30,60,58,37,28
21,3,19,1.098,43,18,26.66667,16,413,27,11,28,58,66,80,68,51,15,6
21,3,19,1.116,63,12,21.33333,25,334,18,8,33,64,35,36,27,22,15,16
21,3,25,1.071,32,9,30.66667,97,400,25,75,92,36,37,34,22,21,31,24
21,3,25,1.078,52,10,39.33333,4,536,23,63,99,84,68,29,43,10,51,56
21,3,25,1.078,60,8,28,8,378,8,22,80,74,39,51,18,26,28,7
21,3,25,1.087,49,7,45.66667,0,410,1,92,117,110,51,25,7,5,2,0
24,2,19,1.128,60,17,13.33333,7,227,0,12,26,25,34,38,29,13,11,7
24,2,19,1.076,40,20,24.66667,61,332,11,9,3,13,44,66,73,52,16,18
24,2,25,1.122,53,9,71,4,569,29,46,213,112,46,55,17,4,12,8
24,2,25,1.109,30,11,68,132,713,11,37,201,176,73,83,70,38,17,7
24,2,25,1.105,53,18,59.66667,50,979,29,68,152,114,97,179,29,72,105,50
24,3,19,1.136,89,16,41,17,606,0,14,21,74,97,96,68,77,54,33
24,3,19,1.063,52,16,32.33333,36,490,19,2,12,29,78,75,69,80,56,17
24,3,19,1.108,72,17,32.33333,12,482,2,19,27,40,77,83,71,68,33,16
24,3,19,1.115,72,19,35,7,476,19,8,20,46,58,88,79,41,27,30
24,3,25,1.055,34,11,50,17,396,14,24,106,122,48,57,13,2,5,2
24,3,25,1.055,52,10,64,2,571,52,56,166,140,77,37,31,4,4,1
27,1,19,1.083,35,14,23.33333,49,308,6,9,46,57,66,41,34,20,16,5
27,1,19,1.105,36,25,29.33333,186,457,10,11,10,42,68,59,57,76,61,36
27,1,25,1.087,54,16,36.33333,9,554,66,33,58,58,106,61,57,20,41,20
27,1,25,1.125,49,7,45.66667,1,403,92,91,116,72,27,4,0,0,0,0
27,1,25,1.078,31,11,15.66667,27,208,16,24,37,40,40,24,19,6,2,0
27,1,25,1.08,33,9,31.33333,59,466,49,27,94,64,90,53,51,31,5,2
27,2,19,1.147,47,14,23.66667,36,373,10,15,56,51,65,52,54,22,6,6
27,2,19,1.156,36,21,17.33333,99,306,11,7,20,33,37,44,52,28,32,14
27,2,25,1.139,52,8,19.33333,1,265,26,29,51,23,31,19,42,27,9,7
27,2,25,1.119,37,13,32.66667,63,433,18,16,72,90,44,50,55,49,29,8
27,2,25,1.068,31,10,33.33333,61,358,8,11,77,90,62,49,28,20,11,2
28,1,19,1.102,46,21,16,19,299,10,13,40,28,41,34,48,34,30,9
28,1,19,1.099,47,21,27,125,497,14,13,3,19,40,77,81,66,43,20
28,1,25,1.049,29,10,54.66667,89,480,30,25,149,95,73,35,37,26,10,0
28,1,25,1.108,44,11,34.33333,2,339,37,56,100,80,41,16,5,2,0,0
28,1,25,1.122,39,9,57,29,875,27,102,171,137,170,142,55,42,27,1
28,1,25,1.071,30,7,51,24,619,46,132,151,123,74,69,19,2,3,0
28,2,19,1.128,50,15,34.66667,25,460,25,8,21,61,104,71,58,54,15,17
28,2,19,1.117,48,14,33.33333,35,381,30,11,8,60,92,82,28,17,3,15
28,2,25,1.1,57,25,27.66667,1,473,27,25,47,55,43,42,83,76,46,14
28,2,25,0.986,29,12,33.66667,68,353,16,22,64,101,38,55,37,17,3,0
28,2,25,1.052,34,11,33.33333,145,503,25,15,62,96,59,62,60,53,33,33
28,3,19,1.105,45,12,29.33333,31,384,16,6,17,88,69,58,47,42,9,4
28,3,19,1.099,56,23,27,53,580,7,18,40,67,56,63,70,61,54,49
28,3,19,1.123,62,12,22.33333,18,335,16,14,14,67,63,50,47,11,3,9
28,3,19,1.076,44,15,24.66667,75,449,27,13,29,53,74,51,67,25,35,27
28,3,25,1.092,38,8,48.33333,60,610,41,85,142,109,79,34,43,17,44,13
28,3,25,1.107,29,11,68.66666,98,681,16,51,173,156,109,105,34,22,14,1
28,3,25,1.059,41,10,36.33333,11,473,3,21,92,87,68,84,52,45,13,6
28,3,25,1.023,38,11,41.33333,12,548,7,44,123,94,112,98,50,8,6,3                                                                30   1    19            1.129         64            21       24.33333      13            383         0         8            46        45            52            53       73            44     31             4
30,1,19,1.123,64,21,31.66667,55,631,9,8,3,24,71,70,95,80,50,37
30,1,25,1.048,55,9,41.66667,18,524,57,57,125,102,59,26,23,22,10,12
30,1,25,1.084,68,7,37.66667,0,247,2,89,62,46,29,11,6,2,0,0
30,1,25,1.081,44,9,31.33333,4,526,40,41,94,70,58,69,63,71,16,1
30,1,25,1.077,59,10,34.66667,1,510,26,25,102,91,79,55,40,23,28,24
30,2,19,1.098,65,28,31.66667,82,692,26,7,22,37,41,44,71,81,92,64
30,2,19,1.078,79,22,20.66667,4,257,0,0,9,0,10,22,58,34,25,19
30,2,25,1.135,48,11,44.66667,30,838,20,47,77,133,115,89,103,85,90,49
30,2,25,1.114,44,10,24.33333,83,523,26,45,58,65,67,31,50,52,46,23
30,2,25,1.124,40,17,43,133,717,27,50,107,114,89,110,48,39,49,33
30,2,25,1.071,44,10,56.66667,0,331,23,24,158,106,20,0,0,0,0,0
31,2,19,1.12,58,21,19.33333,91,429,19,2,20,15,41,44,58,38,40,21
31,2,19,1.085,48,12,30.66667,7,331,18,1,32,92,54,54,42,19,4,8
31,2,25,1.126,30,6,58.33333,22,661,95,175,127,110,83,49,20,2,0,0
31,2,25,1.12,33,14,27,40,459,78,36,66,67,70,51,66,21,4,0
31,2,25,1.055,37,10,46.33333,68,611,33,27,114,97,89,130,35,46,17,15
31,2,25,1.102,41,10,42.66667,8,483,44,19,107,87,101,63,29,23,5,3
31,3,19,1.069,57,13,19.66667,14,348,6,21,33,48,57,35,54,32,18,8
31,3,19,1.104,14,11,10.66667,40,45,0,4,15,23,3,0,0,0,0,0
31,3,25,1.125,39,9,28.33333,7,311,21,13,85,60,45,46,32,2,6,1
31,3,25,1.114,37,19,29.33333,23,379,9,19,70,37,83,77,52,18,13,0
32,1,19,1.115,84,15,37,4,652,17,16,29,81,111,93,79,61,32,42
32,1,19,1.105,68,18,26.33333,13,338,9,10,7,23,52,79,57,33,10,19
32,1,19,1.097,67,17,19,21,346,3,17,28,31,49,48,40,36,21,19
32,1,19,1.1,65,12,16.66667,9,309,4,9,32,50,29,35,31,13,39,27
32,1,25,1.113,36,4,52.66667,59,779,136,72,104,132,106,77,74,43,28,6
32,1,25,1.104,54,8,55.33333,14,808,100,92,158,150,87,72,33,12,43,22
32,1,25,1.098,45,9,67.33334,80,988,31,53,202,176,130,143,86,43,32,28
32,1,25,1.113,40,10,52,120,840,38,89,135,123,72,113,70,80,51,32
32,2,19,1.151,75,17,27.66667,18,493,4,25,41,44,78,52,60,23,42,23
32,2,19,1.043,47,18,14.66667,29,132,0,0,0,0,1,44,39,3,16,3
32,2,19,0.947,49,17,25,10,297,0,23,18,40,67,58,50,22,7,2
32,2,19,1.085,52,14,30,15,436,3,8,23,74,86,56,80,31,45,10
32,2,25,1.089,55,7,52.66667,3,552,39,156,128,143,77,3,2,0,1,0                                                                32   2    25            1.073         54            11       59.66667       0            740        55        47           119       173           107            87       60            76      5             1
32,2,25,1.127,31,12,44.33333,138,599,21,31,100,133,77,99,37,61,36,4
32,2,25,1.094,49,10,50.66667,2,476,13,19,125,125,95,56,33,5,3,0
32,3,19,1.066,47,13,27,21,417,2,14,39,63,76,77,65,47,11,4
32,3,19,1.1,47,18,33.66667,33,584,0,1,24,71,79,101,88,99,68,29
32,3,19,1.109,42,19,29.66667,56,456,22,19,33,44,51,82,65,57,31,13
32,3,19,1.109,77,19,31.66667,11,652,1,38,37,85,77,83,72,86,64,40                                                               32   3    25            1.135          6             5       16            48            49         22        27             0         0             0             0        0             0      0             0
32,3,25,1.045,55,11,51.66667,3,536,30,6,133,136,133,64,17,7,3,2
32,3,25,1.087,40,9,43,13,586,35,30,129,102,123,86,44,24,13,0
32,3,25,1.122,34,12,39,9,403,44,33,103,117,40,39,22,2,1,2
34,2,19,1.172,54,17,30,46,578,18,9,61,50,73,51,86,72,47,42
34,2,19,1.158,93,22,7.33334,16,107,0,0,0,0,0,14,14,11,9,8
34,2,25,1.152,38,20,54.33333,203,1074,60,72,152,139,130,158,123,85,80,32
34,2,25,1.137,28,11,29.66667,83,412,44,42,84,63,77,46,17,30,9,0
34,2,25,1.128,46,14,53.33333,21,774,24,34,114,139,152,125,70,49,41,14
34,2,25,1.142,42,10,53,39,501,18,47,138,101,89,24,21,14,12,11
34,3,19,1.064,88,14,44,3,566,8,5,24,107,127,108,92,23,15,11
34,3,19,1.058,60,27,25,61,495,6,6,21,29,58,47,39,55,75,22
34,3,19,1.092,71,17,30.33333,10,542,8,10,27,77,85,84,78,53,46,24
34,3,19,1.058,89,15,40.33333,20,786,1,28,39,73,121,88,76,54,87,59
34,3,25,1.119,36,15,34.66667,82,453,20,12,47,81,104,63,28,24,61,7
34,3,25,1.093,63,12,48.33333,0,415,7,17,111,145,101,18,9,4,3,0
34,3,25,1.092,23,10,37.33333,81,347,24,39,109,73,59,40,3,0,0,0
34,3,25,1.067,26,15,45,117,566,27,58,114,115,135,91,23,3,0,0
38,2,19,1.092,66,17,22,26,327,5,9,21,33,57,51,30,15,17,15
38,2,19,1.069,63,12,31,3,396,9,17,55,93,54,64,29,20,18,11
38,2,19,1.081,48,17,34.66667,10,565,0,32,62,102,103,94,54,47,42,19
38,2,19,1.11,59,10,23.66667,8,293,1,40,60,68,40,31,21,6,6,8
38,2,25,1.093,56,9,74.66666,1,707,38,117,224,174,90,31,22,5,4,0
38,2,25,1.067,41,11,43.33333,10,594,20,60,125,94,108,75,86,15,7,3
38,2,25,1.091,34,12,67.33334,81,778,12,71,159,202,151,74,45,34,30,0
38,2,25,1.017,47,11,24,3,318,12,14,51,60,44,50,43,28,12,1
38,3,19,1.124,44,16,21.33333,9,228,4,2,10,48,53,49,31,17,5,1
38,3,19,1.113,54,17,29.66667,21,372,10,8,10,37,78,76,40,40,25,11
38,3,19,1.112,57,16,38,22,491,14,24,26,71,96,87,52,37,22,18                                                               38   3    19            1.104         50            12       37            36            616         0        35            44       111            94            87       72            58     54            21
38,3,25,1.097,47,10,66.33334,2,612,99,64,193,95,61,48,11,19,10,10
38,3,25,1.137,35,9,53,13,498,16,23,159,123,63,66,35,9,3,0
38,3,25,1.047,47,10,28,6,439,28,46,81,75,78,57,26,13,27,7
39,2,19,1.13,76,17,28,2,539,9,12,61,70,70,73,77,61,44,22
39,2,19,1.131,64,10,25,6,337,15,16,54,61,63,30,28,25,7,13
39,2,19,1.071,69,19,29.66667,0,369,8,12,21,40,48,80,71,50,19,11
39,2,19,1.072,85,14,28.66667,0,361,0,43,59,53,75,56,18,11,8,10
39,2,25,1.122,38,11,51.33333,0,592,36,97,133,143,111,54,16,2,0,0
39,2,25,1.059,44,21,38.66667,3,589,41,44,92,80,79,87,116,42,5,2
39,2,25,1.096,39,9,61,8,590,16,48,183,134,84,86,15,16,6,1
39,2,25,1.044,51,10,18,1,160,0,0,41,53,22,19,7,1,6,10
39,3,19,1.153,71,22,26,10,488,19,14,54,70,70,56,53,59,48,15
39,3,19,0.986,29,15,39.33333,0,277,5,22,29,103,118,0,0,0,0,0
39,3,19,1.136,49,11,32.66667,125,728,37,30,50,78,97,91,66,34,77,43
39,3,19,1.15,85,13,23.33333,1,308,40,36,41,56,68,26,8,2,1,4
39,3,25,1.128,24,14,31,71,325,21,14,88,82,65,36,19,0,0,0
39,3,25,1.088,27,9,55.33333,129,655,40,47,166,98,131,117,46,9,1,0
42,1,19,1.15,50,10,19.66667,48,372,1,8,46,46,39,57,42,36,38,9
42,1,19,1.139,27,21,25.66667,161,321,2,6,32,40,65,59,77,39,1,0
42,1,25,1.127,66,12,31.66667,3,493,38,36,67,95,79,53,57,63,2,0
42,1,25,1.053,43,10,36.66667,4,496,13,64,105,92,65,53,60,31,9,3
42,1,25,1.077,33,15,30,68,424,16,41,68,42,90,41,69,20,23,14
42,2,19,1.144,65,13,34.66667,13,581,0,10,80,85,99,81,71,39,36,30
42,2,19,1.095,75,19,13,2,212,11,9,21,26,36,21,22,26,15,13
42,2,19,1.187,54,21,22,27,435,9,11,43,57,47,56,66,48,34,24
42,2,19,1.173,49,14,37.66667,15,424,7,24,54,87,111,59,36,16,7,8
42,2,25,1.101,27,11,37.33333,78,503,81,60,91,92,78,62,28,10,1,0
42,2,25,1.15,23,8,27.33333,79,356,82,58,68,58,32,37,21,0,0,0
42,2,25,1.094,53,11,47.33333,5,540,12,21,139,107,109,56,16,17,31,23
42,2,25,1.161,41,15,52.33333,14,606,25,11,98,128,157,73,59,33,10,0
43,1,19,1.076,74,15,32.66667,26,504,9,12,46,71,98,51,51,44,25,19
43,1,19,1.079,72,25,19.66667,23,370,3,8,3,20,45,39,42,42,40,36
43,1,25,1.075,34,10,44.33333,64,638,72,58,126,91,116,70,56,26,11,11
43,1,25,1.104,48,16,59.66667,7,850,85,78,151,172,166,140,27,12,8,4
43,1,25,1.086,42,8,68.33334,26,1007,34,119,195,152,157,121,91,75,45,13
43,1,25,1.09,62,9,62,8,872,21,97,186,139,96,72,79,49,61,28
43,3,19,1.139,59,11,26.33333,26,407,3,14,70,56,44,23,50,53,35,19
43,3,19,1.13,60,15,22.66667,48,529,18,11,51,59,68,13,60,57,45,39
43,3,19,1.136,54,20,27,59,578,41,16,46,46,53,60,72,51,51,42
43,3,25,1.101,36,9,25.66667,117,435,1,33,77,43,71,36,50,22,54,22
43,3,25,1.109,51,10,56.66667,0,648,61,75,162,132,78,48,40,40,9,3
43,3,25,1.125,49,9,40.66667,0,529,26,50,122,86,49,58,66,54,15,3
43,3,25,1.105,44,8,28.66667,16,496,39,55,71,61,64,51,56,47,36,15
44,1,19,1.157,54,12,37.33333,66,580,11,14,24,112,69,71,49,50,52,10
44,1,19,1.157,28,17,25.66667,160,293,3,9,5,27,67,62,47,60,13,0
44,1,25,1.149,41,4,49.66667,44,848,113,114,143,135,106,91,54,38,20,19
44,1,25,1.116,48,5,57,12,741,86,169,128,70,74,77,50,32,31,12
44,1,25,1.12,45,10,56.66667,2,806,30,85,136,164,165,107,48,43,22,6
44,1,25,1.121,63,8,32.66667,0,388,6,66,84,41,37,47,37,25,16,5
44,2,19,1.095,44,16,34,26,327,17,3,27,50,78,69,26,27,4,2
44,2,19,1.101,55,15,19,36,350,31,17,26,26,57,21,40,38,21,19
44,2,19,1.136,61,13,27,28,516,0,9,43,78,60,62,64,43,47,44
44,2,19,1.105,45,21,34,57,495,3,24,34,50,52,67,102,57,42,25
44,2,19,1.143,10,5,1.33333,1,4,3,1,0,0,0,0,0,0,0,0
44,2,25,1.031,20,8,57.33333,73,461,55,101,164,87,34,20,0,0,0,0
44,2,25,1.13,37,11,38,161,629,23,35,92,84,78,58,78,77,66,31
44,2,25,1.087,33,11,37.33333,38,420,11,15,87,101,72,73,28,22,6,3
44,2,25,1.009,48,11,28,0,283,0,6,77,54,71,37,30,8,0,0
44,3,19,1.143,50,12,34.66667,49,633,0,20,47,104,72,66,83,91,69,21
44,3,19,1.108,47,11,35.66667,52,466,1,5,58,76,61,85,50,23,34,21
44,3,25,1.13,36,10,48,8,463,68,66,136,110,47,25,2,2,3,2
44,3,25,1.149,45,8,48.66667,1,511,67,108,123,64,80,55,7,3,3,1
45,1,19,1.14,53,17,29.66667,76,584,14,8,19,70,84,80,51,61,63,27
45,1,19,1.139,58,24,18.66667,33,376,7,20,8,14,41,52,42,56,27,42
45,1,25,1.179,22,10,67.66666,217,709,102,56,177,157,132,76,9,0,0,0
45,1,25,1.144,40,11,41.66667,42,600,29,22,104,105,105,68,70,55,26,12                                                                45   1    25            1.105         31            14       34.33333      66            449        21        19            90        94            92            67       25            24     16             1
45,2,19,1.147,77,22,26.33333,31,609,16,16,37,56,40,56,70,43,41,57
45,2,19,1.176,80,27,9,3,190,14,14,17,6,10,18,26,10,27,2                                                                 45   2    19            1.078         92            19       28             0            533        10        20            65        78            74            76       73            51     43            16                                                                45   2    19            1.12          93            14       25.66667      11            423         8        25            43        55            62            61       32            25     16            15
45,2,25,1.069,28,9,31.33333,80,412,78,61,94,50,39,21,20,37,12,0
45,2,25,1.162,62,10,47,1,451,43,28,103,109,81,49,19,3,9,2
46,1,19,1.059,54,25,20.66667,28,330,6,6,15,27,47,38,56,48,44,8
46,1,19,1.132,38,22,23.33333,161,393,14,11,15,28,34,32,69,47,49,47
46,1,19,1.156,61,18,30,37,610,0,20,45,50,73,90,71,49,39,57
46,1,19,1.139,51,17,17,59,318,3,18,19,30,49,37,35,33,18,12                                                                46   1    25            1.139         30            14       34.33333      50            467        45        26            83        84           101            78       30            19      1             0
46,1,25,1.111,38,9,63.33333,34,655,48,43,190,151,98,64,24,3,20,13
46,1,25,1.098,38,7,47.33333,87,801,42,100,130,117,140,91,55,59,31,22
46,1,25,1.115,33,9,43.66667,38,551,24,52,131,113,89,71,38,16,15,2
46,2,19,1.133,75,10,30.33333,2,558,1,22,61,90,75,77,63,50,28,41
46,2,19,1.121,39,17,36.33333,86,617,6,21,53,99,104,96,87,65,40,24
46,2,25,1.152,42,8,57.66667,0,577,55,112,160,154,73,14,6,3,0,0
46,2,25,1.104,26,11,34.66667,151,559,90,66,91,86,75,74,66,11,0,0
46,2,25,1.089,33,8,48.33333,50,639,38,88,136,124,106,74,29,11,23,10
46,2,25,1.133,41,11,46.33333,9,604,38,30,107,110,138,132,27,10,7,0
46,3,19,1.098,40,13,19,32,250,0,7,29,45,41,49,26,21,5,13
46,3,19,1.159,47,18,28,58,446,6,10,36,73,58,84,46,31,24,21
46,3,19,1.161,13,7,20,43,86,2,41,41,2,0,0,0,0,0,0
46,3,19,1.119,45,17,24.66667,31,370,0,11,24,63,52,69,48,30,33,19
46,3,25,1.115,49,9,29.33333,21,324,8,10,88,69,14,29,29,32,20,4
46,3,25,1.111,43,21,27.33333,46,400,7,21,35,51,52,48,82,44,28,7
47,1,19,1.182,44,13,32.66667,166,587,15,12,35,91,68,70,64,20,46,48
47,1,19,1.049,50,20,21.33333,66,503,8,31,63,43,57,54,62,37,45,29
47,1,25,1.156,43,11,45.33333,69,824,39,106,100,115,87,126,85,61,40,33
47,1,25,1.072,42,12,64.33334,34,731,36,54,171,193,88,60,49,30,23,4                                                                 47   2    19            1.117         58            15       31.66667      24            431         7        13             7        39            95            70       47            58     17            18
47,2,19,1.124,83,11,18,8,309,18,5,31,37,35,26,7,14,14,21
47,2,19,1.126,53,12,28.33333,33,442,20,16,31,85,57,39,36,40,46,20
47,2,25,1.075,24,9,52,148,586,32,89,156,119,69,106,11,4,0,0
47,2,25,1.08,24,19,15.33333,86,243,27,28,42,44,21,44,31,6,0,0
